{
	"credit": "Made with Blockbench",
	"texture_size": [8, 8],
	"textures": {
		"1": "item/hood",
		"2": "item/hood-front",
		"3": "item/ear",
		"4": "item/hood-bottom",
		"5": "item/head",
		"6": "item/hand",
		"7": "item/button",
		"8": "item/slipper",
		"9": "item/feet",
		"10": "item/slipper-ear"
	},
	"elements": [
		{
			"name": "body",
			"from": [3, 6, 6],
			"to": [13, 16, 10.25],
			"rotation": {"angle": 0, "axis": "y", "origin": [7, 10, 6.25]},
			"faces": {
				"north": {"uv": [5.5, 5, 8, 7.5], "texture": "#5"},
				"east": {"uv": [6, 2.5, 7.0625, 5], "texture": "#5"},
				"south": {"uv": [6, 0, 8.5, 2.5], "texture": "#5"},
				"west": {"uv": [7.25, 2.5, 8.3125, 5], "texture": "#5"},
				"up": {"uv": [8, 8.5625, 5.5, 7.5], "texture": "#5"},
				"down": {"uv": [5, 7.75, 2.5, 8.8125], "texture": "#5"}
			}
		},
		{
			"name": "leg1",
			"from": [9.75, 6, 1.25],
			"to": [13.75, 10, 7],
			"rotation": {"angle": -22.5, "axis": "y", "origin": [11.75, 7, 5]},
			"faces": {
				"north": {"uv": [9.5, 8, 10.5, 9], "texture": "#5"},
				"east": {"uv": [8, 5, 9.75, 6], "texture": "#5"},
				"south": {"uv": [9.5, 9, 10.5, 10], "texture": "#5"},
				"west": {"uv": [8, 6, 9.75, 7], "texture": "#5"},
				"up": {"uv": [9, 8.75, 8, 7], "texture": "#5"},
				"down": {"uv": [1, 8.25, 0, 10], "texture": "#5"}
			}
		},
		{
			"name": "leg2",
			"from": [2.25, 6, 2],
			"to": [6.25, 10, 8],
			"rotation": {"angle": 22.5, "axis": "y", "origin": [2.25, 6, 6]},
			"faces": {
				"north": {"uv": [9.75, 4.75, 10.75, 5.75], "texture": "#5"},
				"east": {"uv": [8.5, 0, 10.25, 1], "texture": "#5"},
				"south": {"uv": [5, 9.75, 6, 10.75], "texture": "#5"},
				"west": {"uv": [8.5, 1, 10.25, 2], "texture": "#5"},
				"up": {"uv": [2, 10, 1, 8.25], "texture": "#5"},
				"down": {"uv": [9.5, 2, 8.5, 3.75], "texture": "#5"}
			}
		},
		{
			"name": "head",
			"from": [2, 16, 3],
			"to": [14, 27, 13],
			"rotation": {"angle": 0, "axis": "y", "origin": [7, 16, 7]},
			"faces": {
				"north": {"uv": [0, 0, 3, 2.75], "texture": "#5"},
				"east": {"uv": [3, 5, 5.5, 7.75], "texture": "#5"},
				"south": {"uv": [0, 2.75, 3, 5.5], "texture": "#5"},
				"west": {"uv": [0, 5.5, 2.5, 8.25], "texture": "#5"},
				"up": {"uv": [6, 2.5, 3, 0], "texture": "#5"},
				"down": {"uv": [6, 2.5, 3, 5], "texture": "#5"}
			}
		},
		{
			"name": "arm1",
			"from": [12, 12.25, 6.25],
			"to": [18, 16.25, 10],
			"rotation": {"angle": -22.5, "axis": "z", "origin": [12, 14.25, 7]},
			"faces": {
				"north": {"uv": [8.5, 3.75, 10, 4.75], "texture": "#5"},
				"east": {"uv": [9.75, 5.75, 10.6875, 6.75], "texture": "#5"},
				"south": {"uv": [5, 8.75, 6.5, 9.75], "texture": "#5"},
				"west": {"uv": [6, 9.75, 6.9375, 10.75], "texture": "#5"},
				"up": {"uv": [3.5, 9.9375, 2, 9], "texture": "#5"},
				"down": {"uv": [5, 9, 3.5, 9.9375], "texture": "#5"}
			}
		},
		{
			"name": "arm2",
			"from": [-1, 10.25, 6.25],
			"to": [5, 14.25, 10],
			"rotation": {"angle": 22.5, "axis": "z", "origin": [-1, 12.25, 7]},
			"faces": {
				"north": {"uv": [6.5, 8.75, 8, 9.75], "texture": "#5"},
				"east": {"uv": [7, 9.75, 7.9375, 10.75], "texture": "#5"},
				"south": {"uv": [8, 8.75, 9.5, 9.75], "texture": "#5"},
				"west": {"uv": [8, 9.75, 8.9375, 10.75], "texture": "#5"},
				"up": {"uv": [10.5, 7.9375, 9, 7], "texture": "#5"},
				"down": {"uv": [11, 2, 9.5, 2.9375], "texture": "#5"}
			}
		},
		{
			"name": "hoodtop",
			"from": [1.5, 27, 2.75],
			"to": [14.5, 27.5, 13.5],
			"rotation": {"angle": 0, "axis": "y", "origin": [7, 27, 7]},
			"faces": {
				"north": {"uv": [6.25, 2.75, 9.5, 2.875], "texture": "#1"},
				"east": {"uv": [6.25, 3.75, 9, 3.875], "texture": "#1"},
				"south": {"uv": [6.25, 3, 9.5, 3.125], "texture": "#1"},
				"west": {"uv": [6.25, 4, 9, 4.125], "texture": "#1"},
				"up": {"uv": [3.25, 2.75, 0, 0], "texture": "#1"},
				"down": {"uv": [3.25, 2.75, 0, 5.5], "texture": "#1"}
			}
		},
		{
			"name": "hoodleft",
			"from": [14, 16, 2.5],
			"to": [14.75, 27, 13.75],
			"rotation": {"angle": 0, "axis": "y", "origin": [14, 21, 7]},
			"faces": {
				"north": {"uv": [0, 8.25, 0.125, 11], "texture": "#1"},
				"east": {"uv": [0, 5.5, 2.75, 8.25], "texture": "#1"},
				"south": {"uv": [0.25, 8.25, 0.375, 11], "texture": "#1"},
				"west": {"uv": [2.75, 5.5, 5.5, 8.25], "texture": "#1"},
				"up": {"uv": [0.625, 11, 0.5, 8.25], "texture": "#1"},
				"down": {"uv": [0.875, 8.25, 0.75, 11], "texture": "#1"}
			}
		},
		{
			"name": "hoodright",
			"from": [1.25, 16, 2.5],
			"to": [2, 27, 13.75],
			"rotation": {"angle": 0, "axis": "y", "origin": [1.5, 21, 7]},
			"faces": {
				"north": {"uv": [1, 8.25, 1.125, 11], "texture": "#1"},
				"east": {"uv": [5.5, 5.5, 8.25, 8.25], "texture": "#1"},
				"south": {"uv": [1.25, 8.25, 1.375, 11], "texture": "#1"},
				"west": {"uv": [6.25, 0, 9, 2.75], "texture": "#1"},
				"up": {"uv": [1.625, 11, 1.5, 8.25], "texture": "#1"},
				"down": {"uv": [1.875, 8.25, 1.75, 11], "texture": "#1"}
			}
		},
		{
			"name": "hoodback",
			"from": [1.75, 16, 13],
			"to": [14.25, 27, 13.75],
			"rotation": {"angle": 0, "axis": "y", "origin": [7, 21, 13]},
			"faces": {
				"north": {"uv": [3.25, 0, 6.25, 2.75], "texture": "#1"},
				"east": {"uv": [2, 8.25, 2.125, 11], "texture": "#1"},
				"south": {"uv": [3.25, 2.75, 6.25, 5.5], "texture": "#1"},
				"west": {"uv": [2.25, 8.25, 2.375, 11], "texture": "#1"},
				"up": {"uv": [9.25, 3.375, 6.25, 3.25], "texture": "#1"},
				"down": {"uv": [9.25, 3.5, 6.25, 3.625], "texture": "#1"}
			}
		},
		{
			"from": [1.75, 15.75, 2.75],
			"to": [14.25, 16, 13.25],
			"rotation": {"angle": 0, "axis": "y", "origin": [2, 15, 2.5]},
			"faces": {
				"north": {"uv": [6.5, 0, 12.75, 0.125], "texture": "#4"},
				"east": {"uv": [6.5, 1, 11.875, 1.125], "texture": "#4"},
				"south": {"uv": [6.5, 0.5, 12.75, 0.625], "texture": "#4"},
				"west": {"uv": [6.5, 1.5, 11.875, 1.625], "texture": "#4"},
				"up": {"uv": [6.25, 5.375, 0, 0], "texture": "#4"},
				"down": {"uv": [6.25, 5.5, 0, 10.875], "texture": "#4"}
			}
		},
		{
			"from": [1.75, 25, 2.25],
			"to": [14.25, 27.25, 2.75],
			"rotation": {"angle": 0, "axis": "y", "origin": [7, 25, 1]},
			"faces": {
				"north": {"uv": [0, 0, 12.5, 2.5], "texture": "#2"},
				"east": {"uv": [0, 8, 0.5, 10.5], "texture": "#2"},
				"south": {"uv": [0, 3, 12.5, 5.5], "texture": "#2"},
				"west": {"uv": [1, 8, 1.5, 10.5], "texture": "#2"},
				"up": {"uv": [12.5, 6.5, 0, 6], "texture": "#2"},
				"down": {"uv": [12.5, 7, 0, 7.5], "texture": "#2"}
			}
		},
		{
			"name": "ear1",
			"from": [-0.75, 26.5, 12],
			"to": [2.25, 29.5, 13],
			"rotation": {"angle": 22.5, "axis": "x", "origin": [0.25, 27.5, 11]},
			"faces": {
				"north": {"uv": [3, 0, 6, 3], "texture": "#3"},
				"east": {"uv": [4, 6, 5, 9], "texture": "#3"},
				"south": {"uv": [3, 3, 6, 6], "texture": "#3"},
				"west": {"uv": [6, 4, 7, 7], "texture": "#3"},
				"up": {"uv": [10, 1, 7, 0], "texture": "#3"},
				"down": {"uv": [4, 7, 1, 8], "texture": "#3"}
			}
		},
		{
			"name": "ear",
			"from": [13.5, 26.25, 12],
			"to": [16.5, 29.25, 13],
			"rotation": {"angle": 22.5, "axis": "x", "origin": [13.5, 26.25, 12]},
			"faces": {
				"north": {"uv": [0, 0, 3, 3], "texture": "#3"},
				"east": {"uv": [0, 6, 1, 9], "texture": "#3"},
				"south": {"uv": [0, 3, 3, 6], "texture": "#3"},
				"west": {"uv": [6, 0, 7, 3], "texture": "#3"},
				"up": {"uv": [4, 7, 1, 6], "texture": "#3"},
				"down": {"uv": [9, 3, 6, 4], "texture": "#3"}
			}
		},
		{
			"from": [-1.5, 10, 6.5],
			"to": [0, 13.5, 9.75],
			"rotation": {"angle": 22.5, "axis": "z", "origin": [-2, 11, 7]},
			"faces": {
				"north": {"uv": [8, 4, 9.5, 7.5], "texture": "#6"},
				"east": {"uv": [0, 0, 3.25, 3.5], "texture": "#6"},
				"south": {"uv": [6, 8, 7.5, 11.5], "texture": "#6"},
				"west": {"uv": [0, 4, 3.25, 7.5], "texture": "#6"},
				"up": {"uv": [9.5, 11.25, 8, 8], "texture": "#6"},
				"down": {"uv": [11.5, 0, 10, 3.25], "texture": "#6"}
			}
		},
		{
			"from": [16.25, 10.75, 6.5],
			"to": [18.25, 14.25, 9.75],
			"rotation": {"angle": -22.5, "axis": "z", "origin": [16.25, 12, 7]},
			"faces": {
				"north": {"uv": [0, 8, 2, 11.5], "texture": "#6"},
				"east": {"uv": [4, 0, 7.25, 3.5], "texture": "#6"},
				"south": {"uv": [8, 0, 10, 3.5], "texture": "#6"},
				"west": {"uv": [4, 4, 7.25, 7.5], "texture": "#6"},
				"up": {"uv": [4, 11.25, 2, 8], "texture": "#6"},
				"down": {"uv": [6, 8, 4, 11.25], "texture": "#6"}
			}
		},
		{
			"name": "button1",
			"from": [8, 15, 5.75],
			"to": [8.5, 15.5, 6],
			"rotation": {"angle": 0, "axis": "y", "origin": [7, 14, 4]},
			"faces": {
				"north": {"uv": [2, 0, 3, 1], "texture": "#7"},
				"east": {"uv": [6, 2, 6.5, 3], "texture": "#7"},
				"south": {"uv": [2, 2, 3, 3], "texture": "#7"},
				"west": {"uv": [4, 6, 4.5, 7], "texture": "#7"},
				"up": {"uv": [7, 4.5, 6, 4], "texture": "#7"},
				"down": {"uv": [7, 6, 6, 6.5], "texture": "#7"}
			}
		},
		{
			"name": "button1",
			"from": [8, 14, 5.75],
			"to": [8.5, 14.5, 6],
			"rotation": {"angle": 0, "axis": "y", "origin": [7, 13, 4]},
			"faces": {
				"north": {"uv": [0, 4, 1, 5], "texture": "#7"},
				"east": {"uv": [0, 8, 0.5, 9], "texture": "#7"},
				"south": {"uv": [4, 0, 5, 1], "texture": "#7"},
				"west": {"uv": [8, 0, 8.5, 1], "texture": "#7"},
				"up": {"uv": [3, 8.5, 2, 8], "texture": "#7"},
				"down": {"uv": [9, 2, 8, 2.5], "texture": "#7"}
			}
		},
		{
			"name": "button1",
			"from": [8, 13, 5.75],
			"to": [8.5, 13.5, 6],
			"rotation": {"angle": 0, "axis": "y", "origin": [7, 12, 4]},
			"faces": {
				"north": {"uv": [2, 4, 3, 5], "texture": "#7"},
				"east": {"uv": [4, 8, 4.5, 9], "texture": "#7"},
				"south": {"uv": [4, 2, 5, 3], "texture": "#7"},
				"west": {"uv": [8, 4, 8.5, 5], "texture": "#7"},
				"up": {"uv": [7, 8.5, 6, 8], "texture": "#7"},
				"down": {"uv": [9, 6, 8, 6.5], "texture": "#7"}
			}
		},
		{
			"name": "button1",
			"from": [8, 12, 5.75],
			"to": [8.5, 12.5, 6],
			"rotation": {"angle": 0, "axis": "y", "origin": [7, 11, 4]},
			"faces": {
				"north": {"uv": [0, 0, 1, 1], "texture": "#7"},
				"east": {"uv": [4, 4, 4.5, 5], "texture": "#7"},
				"south": {"uv": [0, 2, 1, 3], "texture": "#7"},
				"west": {"uv": [0, 6, 0.5, 7], "texture": "#7"},
				"up": {"uv": [7, 0.5, 6, 0], "texture": "#7"},
				"down": {"uv": [3, 6, 2, 6.5], "texture": "#7"}
			}
		},
		{
			"name": "slipper",
			"from": [-0.75, 5.5, 0.75],
			"to": [3.75, 11, 1.25],
			"rotation": {"angle": 22.5, "axis": "y", "origin": [0.5, 7, -0.75]},
			"faces": {
				"north": {"uv": [0, 3, 2.25, 5.75], "texture": "#8"},
				"east": {"uv": [8, 6, 8.25, 8.75], "texture": "#8"},
				"south": {"uv": [2.5, 3, 4.75, 5.75], "texture": "#8"},
				"west": {"uv": [2.5, 8.5, 2.75, 11.25], "texture": "#8"},
				"up": {"uv": [10.75, 4.25, 8.5, 4], "texture": "#8"},
				"down": {"uv": [10.75, 4.5, 8.5, 4.75], "texture": "#8"}
			}
		},
		{
			"name": "slipper",
			"from": [12.25, 5.5, -0.25],
			"to": [16.75, 11, 0.25],
			"rotation": {"angle": -22.5, "axis": "y", "origin": [13.5, 7, -1.75]},
			"faces": {
				"north": {"uv": [0, 0, 2.25, 2.75], "texture": "#8"},
				"east": {"uv": [7.5, 6, 7.75, 8.75], "texture": "#8"},
				"south": {"uv": [2.5, 0, 4.75, 2.75], "texture": "#8"},
				"west": {"uv": [7, 7.5, 7.25, 10.25], "texture": "#8"},
				"up": {"uv": [10.75, 3.25, 8.5, 3], "texture": "#8"},
				"down": {"uv": [10.75, 3.5, 8.5, 3.75], "texture": "#8"}
			}
		},
		{
			"name": "slppertop",
			"from": [-0.25, 8.25, 0.75],
			"to": [4.5, 11.25, 2.75],
			"rotation": {"angle": 22.5, "axis": "y", "origin": [1, 11, 0.75]},
			"faces": {
				"north": {"uv": [5, 3, 7.375, 4.5], "texture": "#8"},
				"east": {"uv": [5, 7.5, 6, 9], "texture": "#8"},
				"south": {"uv": [5, 4.5, 7.375, 6], "texture": "#8"},
				"west": {"uv": [6, 7.5, 7, 9], "texture": "#8"},
				"up": {"uv": [9.875, 3, 7.5, 2], "texture": "#8"},
				"down": {"uv": [4.875, 7.5, 2.5, 8.5], "texture": "#8"}
			}
		},
		{
			"name": "slppertop",
			"from": [11.65, 8.25, -1],
			"to": [16.375, 11.25, 1],
			"rotation": {"angle": -22.5, "axis": "y", "origin": [10.875, 11, -1]},
			"faces": {
				"north": {"uv": [5, 0, 7.375, 1.5], "texture": "#8"},
				"east": {"uv": [7.5, 3, 8.5, 4.5], "texture": "#8"},
				"south": {"uv": [5, 1.5, 7.375, 3], "texture": "#8"},
				"west": {"uv": [7.5, 4.5, 8.5, 6], "texture": "#8"},
				"up": {"uv": [9.875, 1, 7.5, 0], "texture": "#8"},
				"down": {"uv": [9.875, 1, 7.5, 2], "texture": "#8"}
			}
		},
		{
			"name": "slippertop1",
			"from": [-0.1, 8.25, 2.5],
			"to": [4.4, 11, 2.75],
			"rotation": {"angle": 22.5, "axis": "y", "origin": [1.5, 9, 0.75]},
			"faces": {
				"north": {"uv": [5, 6, 7.25, 7.375], "texture": "#8"},
				"east": {"uv": [4, 8.5, 4.125, 9.875], "texture": "#8"},
				"south": {"uv": [0, 7.5, 2.25, 8.875], "texture": "#8"},
				"west": {"uv": [4.5, 8.5, 4.625, 9.875], "texture": "#8"},
				"up": {"uv": [10.75, 6.125, 8.5, 6], "texture": "#8"},
				"down": {"uv": [10.75, 6.5, 8.5, 6.625], "texture": "#8"}
			}
		},
		{
			"name": "slippertop1",
			"from": [11.5, 8.25, 1.875],
			"to": [16, 11, 2.125],
			"rotation": {"angle": -22.5, "axis": "y", "origin": [13, 9, 0.125]},
			"faces": {
				"north": {"uv": [0, 6, 2.25, 7.375], "texture": "#8"},
				"east": {"uv": [3, 8.5, 3.125, 9.875], "texture": "#8"},
				"south": {"uv": [2.5, 6, 4.75, 7.375], "texture": "#8"},
				"west": {"uv": [3.5, 8.5, 3.625, 9.875], "texture": "#8"},
				"up": {"uv": [10.75, 5.125, 8.5, 5], "texture": "#8"},
				"down": {"uv": [10.75, 5.5, 8.5, 5.625], "texture": "#8"}
			}
		},
		{
			"name": "feet",
			"from": [0.125, 6.25, 1.25],
			"to": [3.5, 9.75, 2],
			"rotation": {"angle": 22.5, "axis": "y", "origin": [0.75, 7, 0]},
			"faces": {
				"north": {"uv": [0, 0, 3.5, 3.5], "texture": "#9"},
				"east": {"uv": [6, 8, 6.75, 11.5], "texture": "#9"},
				"south": {"uv": [0, 4, 3.5, 7.5], "texture": "#9"},
				"west": {"uv": [8, 6, 8.75, 9.5], "texture": "#9"},
				"up": {"uv": [12.5, 6.75, 9, 6], "texture": "#9"},
				"down": {"uv": [12.5, 7, 9, 7.75], "texture": "#9"}
			}
		},
		{
			"name": "feet",
			"from": [12.375, 6.25, 0],
			"to": [15.675, 9.75, 1.25],
			"rotation": {"angle": -22.5, "axis": "y", "origin": [13, 7, -0.75]},
			"faces": {
				"north": {"uv": [4, 0, 7.25, 3.5], "texture": "#9"},
				"east": {"uv": [0, 8, 1.25, 11.5], "texture": "#9"},
				"south": {"uv": [4, 4, 7.25, 7.5], "texture": "#9"},
				"west": {"uv": [8, 0, 9.25, 3.5], "texture": "#9"},
				"up": {"uv": [5.25, 9.25, 2, 8], "texture": "#9"},
				"down": {"uv": [11.25, 4, 8, 5.25], "texture": "#9"}
			}
		},
		{
			"name": "slipper-ear",
			"from": [0.25, 10.5, 2.75],
			"to": [1.25, 10.75, 3.75],
			"rotation": {"angle": 22.5, "axis": "y", "origin": [0.25, 10.25, 3]},
			"faces": {
				"north": {"uv": [6, 2, 8, 2.5], "texture": "#10"},
				"east": {"uv": [4, 6, 6, 6.5], "texture": "#10"},
				"south": {"uv": [6, 4, 8, 4.5], "texture": "#10"},
				"west": {"uv": [6, 6, 8, 6.5], "texture": "#10"},
				"up": {"uv": [4, 2, 2, 0], "texture": "#10"},
				"down": {"uv": [4, 2, 2, 4], "texture": "#10"}
			}
		},
		{
			"name": "slipper-ear",
			"from": [4.35, 10.5, 1.05],
			"to": [5.35, 10.75, 2.05],
			"rotation": {"angle": 22.5, "axis": "y", "origin": [4.35, 10.25, 1.3]},
			"faces": {
				"north": {"uv": [0, 8, 2, 8.5], "texture": "#10"},
				"east": {"uv": [8, 0, 10, 0.5], "texture": "#10"},
				"south": {"uv": [2, 8, 4, 8.5], "texture": "#10"},
				"west": {"uv": [8, 2, 10, 2.5], "texture": "#10"},
				"up": {"uv": [2, 6, 0, 4], "texture": "#10"},
				"down": {"uv": [6, 0, 4, 2], "texture": "#10"}
			}
		},
		{
			"name": "slipper-ear",
			"from": [10.6, 10.5, 0.625],
			"to": [11.6, 10.75, 1.625],
			"rotation": {"angle": -22.5, "axis": "y", "origin": [10.6, 10.25, 0.875]},
			"faces": {
				"north": {"uv": [4, 8, 6, 8.5], "texture": "#10"},
				"east": {"uv": [8, 4, 10, 4.5], "texture": "#10"},
				"south": {"uv": [6, 8, 8, 8.5], "texture": "#10"},
				"west": {"uv": [8, 6, 10, 6.5], "texture": "#10"},
				"up": {"uv": [4, 6, 2, 4], "texture": "#10"},
				"down": {"uv": [6, 2, 4, 4], "texture": "#10"}
			}
		},
		{
			"name": "slipper-ear",
			"from": [14.6, 10.5, 2.325],
			"to": [15.6, 10.75, 3.325],
			"rotation": {"angle": -22.5, "axis": "y", "origin": [14.6, 10.25, 2.575]},
			"faces": {
				"north": {"uv": [4, 4, 6, 4.5], "texture": "#10"},
				"east": {"uv": [0, 6, 2, 6.5], "texture": "#10"},
				"south": {"uv": [6, 0, 8, 0.5], "texture": "#10"},
				"west": {"uv": [2, 6, 4, 6.5], "texture": "#10"},
				"up": {"uv": [2, 2, 0, 0], "texture": "#10"},
				"down": {"uv": [2, 2, 0, 4], "texture": "#10"}
			}
		}
	],
	"display": {
		"thirdperson_righthand": {
			"rotation": [-3, 133, 0],
			"translation": [0.75, 0.75, 1.75],
			"scale": [0.23828, 0.23828, 0.23828]
		},
		"thirdperson_lefthand": {
			"rotation": [-3, 133, 0],
			"translation": [0.75, 0.75, 1.75],
			"scale": [0.23828, 0.23828, 0.23828]
		},
		"firstperson_righthand": {
			"rotation": [0, 114, 0],
			"translation": [2.25, 1, 0.5],
			"scale": [0.22656, 0.22656, 0.22656]
		},
		"firstperson_lefthand": {
			"rotation": [0, 114, 0],
			"translation": [2.25, 1, 0.5],
			"scale": [0.22656, 0.22656, 0.22656]
		},
		"ground": {
			"scale": [0.3457, 0.3457, 0.3457]
		},
		"gui": {
			"rotation": [0, -180, 0],
			"translation": [0, -6, 0],
			"scale": [0.64453, 0.64453, 0.64453]
		},
		"head": {
			"translation": [0, 7.5, 0],
			"scale": [0.60938, 0.60938, 0.60938]
		},
		"fixed": {
			"translation": [0, -7.75, -3.25],
			"scale": [0.83594, 0.83594, 0.83594]
		}
	},
	"groups": [
		{
			"name": "model",
			"origin": [7, 10, 6.25],
			"color": 0,
			"children": [0, 1, 2, 3, 4, 5]
		},
		{
			"name": "hoodback",
			"origin": [7, 21, 13],
			"color": 0,
			"children": [6, 7, 8, 9, 10]
		},
		11,
		{
			"name": "ear",
			"origin": [0, 0, 0],
			"color": 0,
			"children": [12, 13]
		},
		{
			"name": "hand",
			"origin": [8, 8, 8],
			"color": 0,
			"children": [14, 15]
		},
		{
			"name": "button",
			"origin": [8, 8, 8],
			"color": 0,
			"children": [16, 17, 18, 19]
		},
		{
			"name": "slipper",
			"origin": [8, 8, 8],
			"color": 0,
			"children": [20, 21, 22, 23, 24, 25]
		},
		{
			"name": "feet",
			"origin": [8, 8, 8],
			"color": 0,
			"children": [26, 27]
		},
		{
			"name": "slipper-ear",
			"origin": [8, 8, 8],
			"color": 0,
			"children": [28, 29, 30, 31]
		}
	]
}